LaMarr,1
By,4
still,1
those,1
some,3
"Armorer,",1
few,1
television,4
taking,3
received,1
characterization,1
"Additionally,",1
highest,1
staff,1
premiere,1
spin-off.,1
[62].,1
film,13
Wilson,1
character,5
approached,1
[13].,1
"appear,",1
wall,1
"Klein,",1
Hollywood,1
Wars,20
begun,3
One,1
among,1
used,1
credit.,1
excluding,1
production,5
briefly,1
"date\"",1
space,1
acknowledged,1
did,2
impacted,1
two,4
Josh,1
financial,2
lazy,1
crime,2
Gamorrean,1
Force-sensitive,1
species,1
"\"spoil",1
reprising,1
Steph,1
critical,1
2020,2
joined,1
"pacing,",1
Mayor,1
father,1
"\"Chapter",9
200,1
Anaheim,1
9:,1
11,1
James,1
within,2
commentators,1
Mandalorian;,1
rich,1
stated,2
"thereafter.\"",1
set,5
[24].,1
Mangold,3
could,1
"watchable\",",1
appears,3
name,1
Cad,2
Dallas,1
[84].,1
"Teva,",1
who,6
premiered,2
Skywalker's,1
seen,1
Angeles,2
Review,1
special,1
originally,1
Freetown.,1
Pyke,2
not,3
safety,1
stating:,1
abruptly,1
considered,4
[40].,1
[10],1
Robber's,1
show,4
producer,1
second-season,2
involved,1
"5\"",1
endeared,1
opined,2
praise,1
prioritizing,2
previous,2
Trank's,1
subtitle,1
because,1
Cobb,1
Los,2
underworld,1
[19].,1
month,1
Records,1
viewed,1
"story\"",1
by,19
stars,1
November,4
co-writing,2
66%,1
59,1
"\"season",1
integrated,1
"Marshal\",",1
[42].,1
Jennifer,1
bartender.,1
directing,1
improvement,1
new,2
power,1
typical,1
consists,2
based,2
commission,1
you,1
February,7
"May,",1
Swallow,1
"13,",1
"\"rad\",",1
performances,1
Clones,1
"Cundey,",1
Shirley's,1
1.7,1
own,2
January,3
expressed,1
In,3
Earl,2
Weequay,2
more,2
thematically,1
characters,4
Alfred,1
involvement,1
weekly,1
Hannah,1
tie-in,1
"2013,",1
there,1
"Motto,",1
shields,1
[87].,1
"Wen,",1
visual,2
criticized,2
boss,1
"forward,",1
add,1
"Rescue\",",1
cast,1
"structure,",1
Shaiz,1
[41],1
[47].,1
"Tancharoen,",1
adventures,1
Power,1
was,48
mixed,1
traveler,1
producing,1
Jango,1
[48],1
face,1
"character,",1
their,6
"Grogu,",2
for,25
title,3
Four,1
unknown,1
masks,1
[58],1
Indian,1
spaghetti,1
rather,2
main,2
theme,2
Pryor,1
Fletcher,1
Solo:,1
[4].,4
learned,1
wrapped,1
[51],1
Hassenger,1
failed,1
provides,3
canceled,1
under,1
Tomatoes,1
action,1
"project,",1
borderline,1
"7\"",1
[69].,1
14:,1
"event\"",1
confusion,1
soon,1
seven,4
"media,",1
Klatooinian,1
clarified,1
Björn,1
Flint,2
[48].,2
[79].,1
2.5,1
Dave,2
Phil,1
"premiere,",1
Carey,1
one,1
[88].,1
"\"obvious",1
in,41
portrayed,6
giving,1
assumed,1
compared,1
Ennio,1
impact,1
volumes:,1
average,3
The_Book_of_Boba_Fett,1
"books,",1
started:,1
actually,1
attempt,1
they,2
composer,3
According,4
existed,1
weighted,1
former,2
galaxy's,1
Kirby,1
"chapter\"",1
normal,1
Ghost,1
5,1
[77],1
with,20
Disney+,3
animated,1
Nahaar,1
"2020,",3
"series,",3
100,1
direct,2
includes,1
[89],1
had,4
addition,1
director,2
Rodian,1
Following,1
timeline,2
[74].,1
Dean,1
out,1
lives,1
Ming-Na,3
"prisoner,",1
take,2
(1980),1
October,1
sixth,1
same,2
himself,2
2022.,1
Lucasfilm;,1
.,2
be,5
Hamill,1
reporting,1
"reviews\"",1
ended,1
Forrest,1
brief,1
story,2
already,1
appear.,1
soundstages,1
"Pirates,",1
"plain-speaking,",1
"Tano,",1
days,1
keeps,1
Luke,4
appeared,1
Obi-Wan,1
baffling,1
events,1
hunter,4
switching,1
viewership,1
Lovitt,1
Skyler,1
Also,1
script's,1
than,4
created,1
franchise,2
[72].,1
[85].,1
streaming,4
Hutt's,1
both,1
volume,1
Rotten,1
"2017,",1
[63].,1
Nick,1
(1977),2
standalone,2
calls,1
"\"Fixer\"",1
later,3
Collider,1
Dokk,1
Thatcher,2
"\"will",1
Marstrap,1
"bosses,",1
May,2
longer,2
–,1
Amy,1
"filming,",1
sudden,1
Empire,3
Trank,4
focusing,1
commanding,1
reprise,2
August,1
Boba's,2
Corey,1
closest,1
"16,",1
such,1
Carson,2
Ahsoka,2
[56].,1
"Loneozner,",1
Göransson,2
"Ronia,",1
"\"very",1
general,1
other,7
April,1
"Hybride,",1
similarity,1
households,1
finale,3
"narrative,",1
Book,14
Hymes,1
proprietor,1
having,1
Wars:,1
when,1
"Green,",1
"\"Morrison's",1
after,2
"Kennedy,",1
Morricone,1
[14],1
[4],1
during,3
Simon,1
"Vanth,",1
original,1
"\"had",1
interconnected,1
aware,1
"considered,",1
series',3
late,2
"visuals,",1
performances.,1
deleted,1
listened,1
produced,1
[53],1
After,1
is,8
between,2
"Jones,",1
swerve,1
"Mandalorian,",8
Wen,4
Pedro,2
on,29
consolidate,1
Like,1
but,7
[20].,2
"28,",1
"million,",1
Grogu's,1
gang,1
"2018,",2
end,1
"1\"",1
anticipated,1
without,1
each,2
official,1
[78].,1
19,1
All,1
June,3
36%,1
[86].,1
executive,2
"Western\",",1
Deadline,1
train,1
provide,2
Dawson,1
[57],1
"date,",1
"mess\".",1
"Witwer,",1
[38].,1
testing,2
"Magic,",1
Ludwig,1
[83].,1
focus,2
makes,1
season,13
"2.5\"",1
Bad,1
[52],1
virus,1
following,1
follows,1
Koo,1
US,1
spectacular,1
"score,",1
Hsing,1
Bob,1
"saying,",1
[95].,1
Strikes,3
"\"301\"",1
Jedi,2
it,8
respective,1
debut,3
its,7
episode,7
"Shand,",1
[68],1
"presence.\"",1
supporting,1
Vizsla,1
dark,1
Industrial,1
off,1
officially,1
Reed,1
2022,4
Mark,1
aggregator,2
episodes.,1
frequent,1
music,4
"(2018),",1
have,4
"confirmed,",1
"\"The",2
Maggie,1
media,4
"Rodriguez,",2
"Fett,",1
Light,1
match,1
"2015,",2
troubled,1
unsure,1
speculation,1
weeks,1
guards,1
Sophie,1
Additional,1
StageCraft,1
Looking,1
approval,1
"decades,",1
It,3
spin-offs,3
[22].,1
failure,1
comic,1
Important,1
Mos,1
performing,1
became,1
forward,1
consensus,1
"\"delivered",1
Fett.,2
appear,2
second,3
He,2
Bane,1
Olyphant,1
COVID-19,2
composed,1
United,2
A,5
ending,1
earns,1
announced,4
territory,1
while,5
CEO,1
announce,2
/,1
series,32
[45].,1
receive,1
(including,1
Lex,1
spin-off,6
Sam,1
Back,3
planet,1
additional,1
appearance),1
the,139
Mercenaries,1
Tatooine.,1
Disney's,1
Bryce,1
across,2
[76],1
really,1
[91].,1
third,6
Beals,1
digital,1
Metacritic,1
flashbacks,1
territory.,1
actor,2
want,1
negatively,2
"Ringer,",1
Jabba,2
"Djarin,",1
write,1
moving,1
introduced,2
explained,1
Rohan,1
Trigg,1
[41].,1
[81].,1
anything,1
December,10
"storyline,",1
Fantastic,1
scoring,1
Wanserski,2
Mandy,1
returning,2
"R-rated,",1
followed,1
(2015),1
(2002),1
Before,2
5:,1
"Tragedy\",",1
writing,1
return,1
musical,1
Rodriguez,3
coming,1
separate,1
million,1
halfway,1
timeframe,1
"Taanti,",1
Emily,1
off-putting,1
potential,4
"29,",3
stand-in,1
young,1
said,8
2020.,1
cinematographers,1
from,17
Return,2
"surprise\"",1
[67].,1
select,1
output,1
culminate,1
she,2
week,4
(1984),1
W,2
explore,1
themes,1
(excluding,1
"one\"",1
them,1
16:,2
Marvel,1
[55].,1
[75].,1
Jesse,1
Morrison,7
"effects,",1
make,1
guarded,1
II,1
"Rescue\".",1
Timothy,1
"Skywalker,",1
commented,1
Express,1
Tait,1
reconsidered,1
led,1
"\"101\"",1
video,1
never,2
D'Addario,1
cyborg,1
directed,3
praised,2
"failure,",2
"10,",1
announcement,1
Variety,1
"cinematography,",1
[54].,1
Polygon's,1
Ringer,1
death);,1
Disney+.,1
Kathleen,2
imaginations,1
[86],1
Sedaris,1
starring.,1
Stephen,2
single,2
announced;,1
provided,1
platforms,2
humane,1
Will,1
and,70
Shand,2
Anthony,1
voice,9
Disney,3
"then,",1
1.5,1
"Lloyd-Jones,",1
cameo,1
Morrison's,2
With,1
Wookiee,1
deliver,1
upon,1
been,2
appearing,1
digitally,1
centered,2
three,4
Strassi,1
[18].,1
Djarin,3
reveal,2
revealed,2
[44],1
every,1
Kevin,1
"4\"",1
around,1
"8,",1
away,1
Bane's,1
are,1
Collin,1
moved,1
Rosario,1
guidelines,1
"VFX,",1
equally,1
[93].,1
part,1
Trandoshan,1
reprises,2
Joseph,1
better,1
Temuera,4
roles,3
sessions,1
antihero,1
of,74
scene,2
Teva,1
series.,1
members,2
through,3
"sequences,",1
Brown,2
made,1
[40],1
exist,1
[60],1
began,2
until,3
[33].,1
"\"a",2
president,1
2021,1
Isfält's,1
[90].,1
December.,2
trains,1
no,2
Daniel,1
once,2
help,1
Fett's,1
Paz,2
several,1
Celebration,1
intention,1
heist,1
The,70
lord,1
[25],1
described,2
[59],1
A.V,1
establishes,1
Ithorian,1
"spin-offs,",1
Favreau,4
role,5
Kinberg,2
script,1
[61],1
Club,1
"9,",2
"Oyoung),",1
Batch,1
[65].,1
"21,",1
an,7
over,2
voices,1
"Karales,",1
released,6
service,2
"critics,",2
Peli,1
portray,1
Story,1
Mandalorian's,3
"reported,",1
including,1
shortly,1
[20],1
instead.,1
Daughter,1
poorly,1
de-aged,1
development,2
at,8
Sun-Hyung,2
uncredited,2
Sanctuary,1
planned,1
Mandalorian.,1
[37].,1
regular,1
"Buccaneer,",1
well,1
"Krrsantan,",1
crew,2
before,2
Mok,1
[9].,1
[35].,1
Attack,1
Investor,2
"sequence\"",1
score,2
way,1
Boba,29
that,29
Darth,1
"Gunslinger\"",1
fully,1
end-credit,1
"6,",1
[1].,2
hired,2
"example,",1
[34],1
were,7
Kennedy,4
&,1
Samba,1
"6.8/10,",1
Tuskens,1
would,5
[44].,2
This,1
Hughen,1
"States,",2
best,1
"writing,",1
Captain,1
previously,1
New,1
[26].,1
Fett,31
company,1
served,2
credited,2
4th,1
"\"mixed",1
believed,2
begin,1
Day,2
Comics',1
"reviews,",1
[16].,2
working,3
alongside,1
all,3
Western,1
miniseries,1
Lucasfilm,5
Grogu,1
Shirley,1
"2022,",2
a,31
if,1
"actors,",1
most,4
2021.,3
[39].,1
went,1
event,2
effects,1
release,1
"\"desperate",1
total,1
as,34
Mandalorian,24
early,4
"",11
Stanton,1
either,2
[50],2
"TV,",1
(1983).,2
this,3
considering,1
referred,2
SSVFX,1
Stark,1
being,4
Solo's,1
Fennec,3
Kowalski,1
"\"next",1
confirmed,2
fans',1
pieces,1
Hutt,1
Filoni,2
David,2
[66],1
"Filoni,",2
[21],1
about,1
Pascal,2
reviews,1
"Espa,",1
tone,1
Star,21
R2-D2,1
teaser,1
Walt,1
"Mandalorian\"",1
his,7
has,2
Burton,1
Clone,1
"set,",1
soundtrack,1
IGN,1
Robert,3
Paul,3
Max,1
member,1
reportedly,1
then,1
side,1
point,1
producers,1
Bible,1
"\"climactic",1
first,7
lasted,1
"Vizsla,",2
Maul,1
Göransson's,1
Whip,2
added,1
"days,",1
"Howard,",1
"Media,",2
streamed,1
halted,1
Colin,1
might,1
"showrunner,",1
When,1
wearing,1
kill,1
Laze,1
Lee,2
or,4
hunters,1
scheduled,2
[36].,1
to,38
episodes,7
"respectively,",2
pitch,1
"Shirley,",1
last,1
watched,2
2,1
Filming,3
films.,1
Swedish,1
[71],1
indicating,1
"Wars\"",1
American,1
place,2
Frank,1
Camie,1
[10].,1
[29].,1
joining,1
also,12
"2021,",7
themselves,1
Rangers,2
Kenobi,1
expected,1
"JustWatch,",1
penultimate,1
ran,1
rating,2
decision,1
effect,1
media.,1
controlled,1
appearance,2
"2014,",1
Republic,1
portraying,1
"relatives.\"",1
reported,2
Iger,2
Episode,1
September,1
NME's,1
[92],1
[94],1
Lieutenant,1
making,2
[49],3
[50].,2
live-action,2
rapid,1
Grossman,1
he,3
Din,3
(physically,1
minute,1
creator,1
which,1
Jon,3
bounty,5
Yoda's,1
"finale,",2
character's,1
gave,1
showed,1
"Favreau,",3
Skywalker,2
droid,1
various,1
"\"surprise",1
