customer_id,first_name,last_name,email,phone,address,city,state,zip_code,country
1,Samantha,Lee,haley51@example.com,(522)237-7339x9299,063 Leblanc Island Suite 052,Sheenaborough,Florida,23868,Tokelau
2,Cameron,Allen,cherylford@example.net,001-729-985-6714x81786,4259 Arthur Mountains,New Wesleymouth,Alaska,50523,Finland
3,Jennifer,Brown,ybrown@example.com,865.778.4725x55034,241 Luna Glens Apt. 263,South Johnside,Wisconsin,78001,Pitcairn Islands
4,Justin,Roman,theodoreberry@example.com,+1-729-867-3268x044,00105 Brown Trafficway Suite 947,North Sophia,New York,05396,Nigeria
5,Katherine,Gutierrez,josehernandez@example.org,001-311-343-9086x629,12010 Matthew Burg,Lawrencehaven,Arizona,70857,Samoa
6,Mary,Drake,martinezkristopher@example.net,(351)533-1357x86275,072 Evans Street Apt. 806,East Shaneborough,Colorado,89662,Ukraine
7,Shelley,Bailey,kevin92@example.org,217.322.3580,9377 Mejia Tunnel Apt. 867,Hannahshire,Florida,19560,Cote d'Ivoire
8,Kimberly,Nelson,julian95@example.org,(334)426-8824x20315,6077 Steven Turnpike Apt. 150,Walkerville,Mississippi,62597,Bermuda
9,Matthew,Berger,wjackson@example.net,235-544-4469x46626,3261 Dana Ports Apt. 911,Monicafort,New Hampshire,25326,United States Minor Outlying Islands
10,Hannah,Chang,wendypatton@example.org,895.262.4218x567,336 Caitlyn Fork Suite 004,Weavershire,Minnesota,43681,Timor-Leste
11,Kyle,Smith,rhondabanks@example.com,723.426.0557x3982,45493 Henson Ville,Harrisbury,Montana,98908,Cook Islands
12,Ryan,Andrews,mjimenez@example.com,001-678-992-7519x001,62563 Gregory Common Apt. 365,East Alyssa,Oklahoma,39797,Heard Island and McDonald Islands
13,Kathleen,Summers,waynecabrera@example.net,001-684-672-9047,895 Julia Mews Apt. 489,Montesland,North Dakota,44106,Somalia
14,Emily,Arnold,georgesmith@example.com,001-600-785-3123x0207,4878 Morgan Manors Suite 842,Lake Craigchester,Oregon,56134,Martinique
15,Christopher,Ruiz,michaelreyes@example.net,689.334.8634x1276,9466 Knight Road,Lake Matthewville,Kansas,26408,Sri Lanka
16,Michelle,Knapp,carrolljeff@example.org,410.508.0392x674,77963 Briana Turnpike,Valdezside,Massachusetts,07891,Azerbaijan
17,John,Brown,garciaanthony@example.org,3512327594,2526 Holly Divide Suite 280,Maldonadobury,Tennessee,88004,United States Minor Outlying Islands
18,Michael,Smith,smaldonado@example.org,590-735-0752,3802 Monica Stream Suite 240,East Matthew,Massachusetts,43738,Zimbabwe
19,Daniel,Rivera,torresteresa@example.net,(736)529-6379,6958 Long Village,West David,Indiana,83597,Jamaica
20,Carrie,Shepherd,justinchavez@example.com,001-690-894-8007,50892 Timothy Hill,Port Lauren,Kansas,94359,Norfolk Island
21,Patricia,Luna,waltonchristie@example.net,757-960-4390x598,97346 Rodriguez Stravenue,Stevenside,Wyoming,17247,Kenya
22,Sherry,Sellers,ryan66@example.net,930.453.7875x518,395 Mendoza Rue,Johnathanberg,Louisiana,75748,United Kingdom
23,Matthew,Kim,cruzjulie@example.net,(551)328-5858x9771,5375 Carlson Cove Apt. 667,Davischester,North Carolina,91640,Zambia
24,Kelly,Taylor,heathermills@example.org,865-620-5304,14629 Brian Shore,Priceshire,New Mexico,64641,Liechtenstein
25,Erin,Morales,jeffreycrane@example.net,+1-764-860-7710,67211 Christina Station Suite 825,Ramseyfurt,Indiana,39518,Bouvet Island (Bouvetoya)
26,Melissa,Porter,simstraci@example.net,001-772-452-1020x149,09419 Lewis Ways Apt. 873,Combstown,New Mexico,60275,Uganda
27,William,Gardner,hansenphilip@example.net,(788)768-4646x71063,478 Norman Junction,East Katherinefort,Indiana,97343,Tokelau
28,Samantha,Reed,ylewis@example.com,9188193019,9328 Hester Forges,South Sarah,Idaho,05667,Ethiopia
29,William,Leonard,tyler27@example.org,001-441-990-5987x448,1659 Morrison Club,Port Alicia,North Dakota,68233,Greece
30,Madison,Phillips,jacksonchristina@example.org,+1-335-971-3141x9741,83371 Young Groves,Lake Denisehaven,Washington,48407,Bolivia
31,Sandy,Taylor,bakermark@example.org,(843)552-9837x4862,184 Johnson Shore,South Anthony,Maine,34452,Bulgaria
32,Cameron,Johnson,craigaustin@example.org,809.450.5655x20837,136 Boyer Camp,Torresstad,West Virginia,11655,Uruguay
33,Emily,Ferguson,luishuffman@example.net,+1-954-689-8504,818 Taylor Track,Rogersland,Kentucky,66853,Bhutan
34,Kenneth,Nixon,david12@example.com,(310)311-7010x83768,6654 Pittman Common Apt. 348,Juanfurt,New Mexico,75938,French Polynesia
35,Teresa,Burke,jennifer14@example.org,450-758-3904x913,2646 White Isle Apt. 108,Hobbsborough,Georgia,44482,Korea
36,Matthew,Conway,ashley61@example.org,565-416-6761x66923,500 Holden Ports Suite 901,Port Kimberlyborough,Indiana,02382,Cape Verde
37,Shawn,Austin,jamesward@example.net,728.661.1169x5427,5667 Fletcher Mount Suite 258,Nicoleville,Arizona,85623,Mozambique
38,Donald,Long,mpatterson@example.net,001-348-247-1716x42554,64843 Ortega Prairie Apt. 765,South Ronald,Maryland,23799,Portugal
39,Shannon,Solis,travis92@example.com,(653)806-8075x0096,27275 Rachel Forks Suite 796,Johnsonville,Illinois,76024,Pitcairn Islands
40,Tabitha,Moss,marktran@example.org,9925718641,934 Sullivan Station Apt. 343,Christianton,Texas,59002,Rwanda
41,Alexandra,Hawkins,lisa64@example.org,001-777-732-5068x2234,78106 Black Villages,Smithport,Massachusetts,58347,Iran
42,Megan,Carpenter,kingmichael@example.net,(934)953-8234x92436,4685 Clark Track Suite 029,North Shannon,Montana,86689,Vietnam
43,Justin,Mahoney,tom55@example.net,001-260-336-1553x622,1025 Sarah Views,South Aimee,South Dakota,56977,Turkmenistan
44,Kathryn,Gonzalez,eray@example.com,9826143149,7406 Grant Neck,Bakermouth,Wisconsin,13785,Guernsey
45,Lisa,Morgan,lorilynch@example.net,001-793-391-8520x072,9543 Armstrong Burg Apt. 321,Valenciamouth,Connecticut,71481,Trinidad and Tobago
46,Bailey,Faulkner,cunninghamteresa@example.org,(742)289-5718x26400,1936 Michelle Islands,New Amanda,Virginia,91933,Saint Vincent and the Grenadines
47,Kevin,Mckay,cooperrobin@example.org,+1-590-268-2749x59585,2452 Watson Junctions,West Randy,Rhode Island,97089,Belarus
48,Brittany,Ward,micheal95@example.com,588.778.5558x5286,30100 Leslie Harbor,Kaitlinborough,Florida,77369,British Virgin Islands
49,Derrick,Banks,xvasquez@example.com,001-874-626-8966x95776,8591 Parks Heights,New Suzanneville,Maine,74440,Mayotte
50,Todd,Smith,jenniferjones@example.net,586-247-2666x84151,069 Bell Port Suite 765,Port Robert,Vermont,39497,Iraq
51,Ian,Barrett,frussell@example.com,873-979-4047x723,49159 Christopher Glen,Tylershire,Florida,94197,Qatar
52,Justin,Murphy,ncole@example.net,774-691-6809x01313,924 Samantha Cove Apt. 409,New Brianside,Maryland,43806,Macao
53,Laura,Fernandez,vaughnmiguel@example.org,(948)908-8795,7832 Amanda Locks Apt. 917,Penaland,South Carolina,23520,Gibraltar
54,Stephanie,Hernandez,xavierblevins@example.com,(252)659-2445x0403,6876 James Mews Apt. 359,Jasonside,Virginia,50038,Spain
55,Connor,Moore,emily60@example.net,(875)681-1204,2449 Odom Bypass Suite 475,Sheltonburgh,Wyoming,13281,Botswana
56,Travis,Padilla,vhall@example.com,479-634-1740,1538 Saunders Tunnel,Port Markville,New Hampshire,80468,Gambia
57,Daniel,Williams,lauren92@example.com,352.729.0890,5126 Shelton Lights Suite 536,South William,Nebraska,65950,Slovenia
58,William,Taylor,matthew06@example.org,(375)888-8673x808,49191 Sellers Mount,South Kendraview,Michigan,92982,Dominica
59,Chloe,Carter,ntaylor@example.com,6049193223,3576 Bradley Course Suite 874,Johnsonland,West Virginia,15582,Somalia
60,Victor,Sullivan,hernandezpaul@example.org,297-802-9827x415,65086 Kevin Lights Suite 749,Lake Patriciaview,Minnesota,51402,Bulgaria
61,John,Sanchez,travisrice@example.org,+1-913-664-8138x5836,342 Miranda Creek Apt. 035,Markstad,Alaska,17218,French Southern Territories
62,Cassandra,Smith,mackjacqueline@example.com,905-345-8076x020,34918 Wolf Mountain Suite 104,Jonview,Nebraska,12918,Portugal
63,Monica,Mckay,awhite@example.org,498.791.3462x9392,717 Lang Villages,South Alyssaberg,New Mexico,16692,British Virgin Islands
64,Savannah,Parker,barrettnatalie@example.org,205.620.7429,50748 Rachel Divide Apt. 300,Lake Mary,Georgia,28162,Tunisia
65,Luke,Johnson,wilkinsonpatrick@example.net,430.451.8939x0362,820 Stephen Extension,Jamiemouth,Idaho,80584,Zimbabwe
66,April,Rocha,reevesteresa@example.com,001-215-239-1484x033,48461 Torres Centers,Samuelton,Utah,81322,Eritrea
67,Katherine,Price,robinsonkim@example.org,001-688-260-5362,51329 Stephanie Ferry Apt. 150,Yeseniamouth,Maryland,55550,British Indian Ocean Territory (Chagos Archipelago)
68,Sarah,Lopez,morrisjoshua@example.com,(539)232-7163,2561 White Station Apt. 517,South Emilybury,Wyoming,11032,Congo
69,Luis,Knight,autumnbrady@example.net,+1-672-323-8609x431,7200 Gregory Parks Suite 259,South Melissaberg,Kansas,06692,Malaysia
70,Jonathan,Perez,daniel06@example.net,+1-272-647-7772x879,33471 Marshall Center Suite 699,Andersonton,Massachusetts,93872,Nigeria
71,Tammy,Gray,kellybrown@example.com,370-298-2367x0115,9058 David View,West Jaime,North Dakota,28082,Guinea
72,Michael,Walker,danielewing@example.org,763.551.5455x5980,221 Wendy Road Suite 021,Michaelchester,Kansas,74974,Mayotte
73,Tammy,Murphy,sking@example.net,931-704-1216x01468,3352 Moore Ridges,Catherineton,Vermont,98873,Bangladesh
74,Cody,Taylor,juanmaldonado@example.org,398-767-8010,2880 Mcknight Mount,Molinaport,North Dakota,27950,Netherlands Antilles
75,Kelly,Porter,escobartonya@example.org,(324)339-2607x09989,2265 Powell Ports,Lake Nathan,Oklahoma,38396,Bermuda
76,Sabrina,Newman,kellyjoshua@example.com,001-325-775-8096x136,3362 Smith Shoal Suite 720,New Claytonfort,Michigan,80744,Saint Lucia
77,Karl,Pineda,charlesscott@example.net,296.268.9962,38796 Williams Lodge,Escobarchester,Georgia,80584,Cayman Islands
78,Mackenzie,Bass,irodriguez@example.net,793-568-3438x5526,26924 Nolan Center,Vincentborough,South Dakota,55237,Sweden
79,Julie,Bradshaw,ashleygibson@example.com,619-691-1498x8891,5271 Jacqueline Throughway Apt. 421,Martinezshire,Missouri,77073,Hungary
80,Brandi,Smith,andrespencer@example.com,6516269583,211 Michael Lakes Suite 245,New Matthewfurt,Iowa,62311,Albania
81,Cynthia,Gardner,jacqueline48@example.net,8444851567,52387 Floyd Union,Holdenburgh,California,03478,Iraq
82,Jason,Lynch,moniquebeck@example.net,803-558-6368x73876,715 Roberts Knolls Suite 862,West Reneeville,Ohio,34806,Tanzania
83,Teresa,Phillips,thomasramirez@example.com,6346659701,3630 Alicia Burgs,Wilsonstad,Pennsylvania,34173,Barbados
84,Jennifer,Brown,dmaxwell@example.org,890.903.8264,48804 Deleon Drives,Port Katie,Georgia,75351,Solomon Islands
85,Brandon,Peterson,charleschapman@example.net,867-554-9892,4117 Harmon Viaduct,Farmerfort,Kansas,32216,Congo
86,Robin,Kidd,lsmith@example.com,+1-681-644-2964,153 Alexandria Pass,Donaldfurt,North Carolina,80224,Madagascar
87,Melissa,Ramirez,dramirez@example.com,547-979-1860,870 Gill Village,New Danielmouth,Vermont,41567,Dominica
88,Paula,Hughes,nathangreen@example.com,566.827.2414,28494 Graves Squares Suite 159,East Michelleshire,South Carolina,93841,Armenia
89,Timothy,Wright,schroederscott@example.net,605-545-9826,712 Moore Well Suite 648,New Sarahport,California,66844,Christmas Island
90,Alexander,Haas,juanalvarez@example.net,627-935-4218x648,09524 Watts Freeway Apt. 416,Guerraville,South Dakota,90674,India
91,Steven,Dunn,iwilson@example.org,(545)537-6844x52092,72867 James Crest,New Kimberly,Rhode Island,49175,Zimbabwe
92,Keith,Myers,wburgess@example.net,(470)680-2669x36407,8522 Fox Grove Apt. 108,Lake Darinville,Tennessee,10383,Bulgaria
93,Michael,Salinas,angela49@example.net,+1-428-206-0441x324,388 Roberts Mews,Wilsonfort,Louisiana,76998,Iceland
94,Danny,Bowen,melissa30@example.net,935-616-3639,9382 Houston Rapid,Nicholasmouth,South Carolina,13631,Malta
95,Holly,Johnson,ophillips@example.net,7574831748,035 David Knoll,Lake Cindytown,North Carolina,05808,Poland
96,Rachel,Rodriguez,david52@example.org,205-282-3395x256,6919 Jennifer Islands Apt. 461,North Angela,New Jersey,47165,Austria
97,Christine,Boyd,cpineda@example.com,(359)949-3051,8007 Norman Underpass Apt. 572,New Ray,Kansas,98597,Montenegro
98,Christine,Gomez,patriciascott@example.com,936.592.6100x36928,981 Norris Inlet,Port Richardfurt,Ohio,74180,Senegal
99,John,Moore,eric71@example.org,603.547.6897x67753,777 Hughes Mall,Sethmouth,Colorado,36983,Gambia
100,Katie,Douglas,josephflores@example.com,+1-604-267-5596x94178,7400 Jane Plains Apt. 309,Angelside,Iowa,96498,Philippines
